hand_table_name,hand_datetime_start,hand_number,number_players,positions,winner_main_pot,winner_side_pot1,winner_side_pot2,winner_side_pot3,money_main_pot,money_side_pot1,money_side_pot2,money_side_pot3
Laputa,2022-12-09 17:03:40,240356403676,6,"{'btn': 'hotti60', 'sb': 'AlterJuEgo', 'bb': 'serioushippo677', 'utg': 'Renata RDV', 'mp': 'pico516', 'co': 'Dr.Smokealot'}",pico516,,,,350,,,
Laputa,2022-12-09 17:04:07,240356410578,5,"{'btn': 'serioushippo677', 'sb': 'Renata RDV', 'bb': 'pico516', 'utg': 'Dr.Smokealot', 'mp': 'hotti60'}",pico516,,,,1276,,,
Laputa,2022-12-09 17:04:59,240356423789,5,"{'btn': 'Renata RDV', 'sb': 'pico516', 'bb': 'Dr.Smokealot', 'utg': 'hotti60', 'mp': 'serioushippo677'}",serioushippo677,,,,6598,,,
Laputa,2022-12-09 17:05:59,240356439035,5,"{'btn': 'pico516', 'sb': 'Dr.Smokealot', 'bb': 'hotti60', 'utg': 'serioushippo677', 'mp': 'Renata RDV'}",pico516,,,,14583,,,
Laputa,2022-12-09 17:06:40,240356449666,5,"{'btn': 'Dr.Smokealot', 'sb': 'hotti60', 'bb': 'serioushippo677', 'utg': 'Renata RDV', 'mp': 'pico516'}",Renata RDV,,,,3032,,,
Laputa,2022-12-09 17:07:35,240356464006,5,"{'btn': 'serioushippo677', 'sb': 'Renata RDV', 'bb': 'pico516', 'utg': 'Dr.Smokealot', 'mp': 'JoseLu√\xadsJorg'}",JoseLu√≠sJorg,,,,250,,,
Laputa,2022-12-09 17:07:58,240356470122,5,"{'btn': 'Renata RDV', 'sb': 'pico516', 'bb': 'Dr.Smokealot', 'utg': 'JoseLu√\xadsJorg', 'mp': 'serioushippo677'}",Renata RDV,,,,9733,,,
Errai II,2022-12-10 21:24:05,240381775946,5,"{'btn': 'fppat', 'sb': 'hacke-fire', 'bb': 'StefanJaros', 'utg': 'serioushippo677', 'mp': 'Joe F809'}",Joe F809,,,,331,,,
Errai II,2022-12-10 21:24:35,240381786071,5,"{'btn': 'hacke-fire', 'sb': 'StefanJaros', 'bb': 'serioushippo677', 'utg': 'Joe F809', 'mp': 'fppat'}",serioushippo677,,,,15506,,,
Errai II,2022-12-10 21:25:40,240381807467,4,"{'btn': 'StefanJaros', 'sb': 'serioushippo677', 'bb': 'fppat', 'utg': 'hacke-fire'}",fppat,,,,236,,,
Errai II,2022-12-10 21:26:11,240381817847,3,"{'btn': 'serioushippo677', 'sb': 'fppat', 'bb': 'StefanJaros'}",StefanJaros,,,,3118,,,
Errai II,2022-12-10 21:27:17,240381839586,3,"{'btn': 'fppat', 'sb': 'StefanJaros', 'bb': 'serioushippo677'}",StefanJaros,,,,189,,,
Errai II,2022-12-10 21:27:36,240381845746,3,"{'btn': 'StefanJaros', 'sb': 'serioushippo677', 'bb': 'fppat'}",StefanJaros,,,,307,,,
Errai II,2022-12-10 21:28:13,240381858095,3,"{'btn': 'serioushippo677', 'sb': 'fppat', 'bb': 'StefanJaros'}",serioushippo677,,,,803,,,
Errai II,2022-12-10 21:28:52,240381871161,3,"{'btn': 'StefanJaros', 'sb': 'serioushippo677', 'bb': 'LeftMyMark'}",StefanJaros,,,,236,,,
Errai II,2022-12-10 21:29:24,240381881935,4,"{'btn': 'serioushippo677', 'sb': 'LeftMyMark', 'bb': 'fppat', 'utg': 'StefanJaros'}",fppat,,,,472,,,
Errai II,2022-12-10 21:30:01,240381893713,3,"{'btn': 'fppat', 'sb': 'StefanJaros', 'bb': 'serioushippo677'}",StefanJaros,,,,2173,,,
Errai II,2022-12-10 21:31:12,240381917317,6,"{'btn': 'StefanJaros', 'sb': 'serioushippo677', 'bb': 'themiguelzin', 'utg': 'LeftMyMark', 'mp': 'fppat', 'co': 'hacke-fire'}",hacke-fire,,,,2362,,,
Errai II,2022-12-10 21:32:10,240381936389,4,"{'btn': 'serioushippo677', 'sb': 'themiguelzin', 'bb': 'fppat', 'utg': 'hacke-fire'}",hacke-fire,,,,1512,,,
Errai II,2022-12-10 21:32:56,240381951585,5,"{'btn': 'themiguelzin', 'sb': 'fppat', 'bb': 'hacke-fire', 'utg': 'T_RadW', 'mp': 'serioushippo677'}",hacke-fire,,,,250,,,
Errai II,2022-12-10 21:33:21,240381959730,5,"{'btn': 'fppat', 'sb': 'hacke-fire', 'bb': 'serioushippo677', 'utg': 'themiguelzin', 'mp': 'LeftMyMark'}",hacke-fire,,,,425,,,
Errai II,2022-12-10 21:34:20,240381979131,5,"{'btn': 'hacke-fire', 'sb': 'serioushippo677', 'bb': 'themiguelzin', 'utg': 'LeftMyMark', 'mp': 'Denaid1711'}",serioushippo677,,,,10300,,,
Errai II,2022-12-10 21:35:47,240382007535,6,"{'btn': 'serioushippo677', 'sb': 'themiguelzin', 'bb': 'LeftMyMark', 'utg': 'Denaid1711', 'mp': 'hacke-fire', 'co': 'T_RadW'}",hacke-fire,,,,500,,,
Errai II,2022-12-10 21:36:03,240382012629,6,"{'btn': 'themiguelzin', 'sb': 'LeftMyMark', 'bb': 'Denaid1711', 'utg': 'hacke-fire', 'mp': 'T_RadW', 'co': 'serioushippo677'}",T_RadW,,,,850,,,
Postrema,2022-12-10 15:55:09,240375339222,6,"{'btn': 'rwilliams348', 'sb': 'momotic', 'bb': 'Tapia o_O', 'utg': 'Satyam63', 'mp': 'judini777777', 'co': 'serioushippo677'}",serioushippo677,,,,2848,,,
Postrema,2022-12-10 15:56:01,240375349939,6,"{'btn': 'momotic', 'sb': 'Tapia o_O', 'bb': 'Satyam63', 'utg': 'judini777777', 'mp': 'serioushippo677', 'co': 'rwilliams348'}",rwilliams348,,,,4552,,,
Postrema,2022-12-10 15:56:40,240375358097,6,"{'btn': 'Tapia o_O', 'sb': 'Satyam63', 'bb': 'judini777777', 'utg': 'serioushippo677', 'mp': 'rwilliams348', 'co': 'momotic'}",rwilliams348,,,,3676,,,
Postrema,2022-12-10 15:57:28,240375368281,6,"{'btn': 'Satyam63', 'sb': 'judini777777', 'bb': 'serioushippo677', 'utg': 'rwilliams348', 'mp': 'momotic', 'co': 'Tapia o_O'}",serioushippo677,,,,331,,,
Postrema,2022-12-10 15:58:21,240375379445,6,"{'btn': 'judini777777', 'sb': 'serioushippo677', 'bb': 'rwilliams348', 'utg': 'momotic', 'mp': 'Tapia o_O', 'co': 'Satyam63'}",Tapia o_O,,,,18398,,,
Postrema,2022-12-10 15:59:11,240375389744,6,"{'btn': 'serioushippo677', 'sb': 'rwilliams348', 'bb': 'momotic', 'utg': 'Tapia o_O', 'mp': 'Satyam63', 'co': 'judini777777'}",serioushippo677,,,,15267,,,
Postrema,2022-12-10 16:00:17,240375403668,6,"{'btn': 'rwilliams348', 'sb': 'momotic', 'bb': 'Tapia o_O', 'utg': 'Satyam63', 'mp': 'judini777777', 'co': 'serioushippo677'}",Tapia o_O,,,,497,,,
Postrema,2022-12-10 16:01:09,240375415344,5,"{'btn': 'momotic', 'sb': 'Tapia o_O', 'bb': 'judini777777', 'utg': 'serioushippo677', 'mp': 'rwilliams348'}",Tapia o_O,,,,17293,,,
Postrema,2022-12-10 16:02:10,240375430044,4,"{'btn': 'Tapia o_O', 'sb': 'judini777777', 'bb': 'serioushippo677', 'utg': 'rwilliams348'}",rwilliams348,,,,7973,,,
Postrema,2022-12-10 16:03:03,240375443056,4,"{'btn': 'judini777777', 'sb': 'serioushippo677', 'bb': 'rwilliams348', 'utg': 'Tapia o_O'}",rwilliams348,,,,13415,,,
Postrema,2022-12-10 16:03:45,240375453789,4,"{'btn': 'serioushippo677', 'sb': 'rwilliams348', 'bb': 'Tapia o_O', 'utg': 'judini777777'}",rwilliams348,,,,3434,,,
Postrema,2022-12-10 16:04:24,240375463318,5,"{'btn': 'rwilliams348', 'sb': 'Tapia o_O', 'bb': 'HotRockQX957', 'utg': 'judini777777', 'mp': 'serioushippo677'}",Tapia o_O,,,,550,,,
Postrema,2022-12-10 16:05:11,240375475026,5,"{'btn': 'Tapia o_O', 'sb': 'HotRockQX957', 'bb': 'judini777777', 'utg': 'serioushippo677', 'mp': 'rwilliams348'}",judini777777,,,,19750,,,
Postrema,2022-12-10 16:06:06,240375488858,6,"{'btn': 'HotRockQX957', 'sb': 'judini777777', 'bb': 'serioushippo677', 'utg': 'rwilliams348', 'mp': 'Tomate264', 'co': 'Tapia o_O'}",serioushippo677,,,,2257,,,
Postrema,2022-12-10 16:06:37,240375496602,6,"{'btn': 'judini777777', 'sb': 'serioushippo677', 'bb': 'rwilliams348', 'utg': 'Tomate264', 'mp': 'Tapia o_O', 'co': 'HotRockQX957'}",judini777777,,,,450,,,
Postrema,2022-12-10 16:06:56,240375501189,6,"{'btn': 'serioushippo677', 'sb': 'rwilliams348', 'bb': 'Tomate264', 'utg': 'Tapia o_O', 'mp': 'HotRockQX957', 'co': 'judini777777'}",judini777777,,,,2929,,,
Postrema,2022-12-10 16:07:43,240375513016,6,"{'btn': 'rwilliams348', 'sb': 'Tomate264', 'bb': 'Tapia o_O', 'utg': 'HotRockQX957', 'mp': 'judini777777', 'co': 'serioushippo677'}",rwilliams348,,,,2929,,,
Postrema,2022-12-10 16:08:59,240375531972,6,"{'btn': 'Tomate264', 'sb': 'Tapia o_O', 'bb': 'HotRockQX957', 'utg': 'judini777777', 'mp': 'serioushippo677', 'co': 'rwilliams348'}",judini777777,,,,1276,,,
Postrema,2022-12-10 16:09:45,240375543764,6,"{'btn': 'Tapia o_O', 'sb': 'HotRockQX957', 'bb': 'judini777777', 'utg': 'serioushippo677', 'mp': 'rwilliams348', 'co': 'Tomate264'}",rwilliams348,,,,10157,,,
Postrema,2022-12-10 16:10:54,240375560935,6,"{'btn': 'HotRockQX957', 'sb': 'judini777777', 'bb': 'serioushippo677', 'utg': 'rwilliams348', 'mp': 'Tomate264', 'co': 'Tapia o_O'}",judini777777,,,,8271,,,
Postrema,2022-12-10 16:12:13,240375581111,6,"{'btn': 'judini777777', 'sb': 'serioushippo677', 'bb': 'rwilliams348', 'utg': 'Tomate264', 'mp': 'Tapia o_O', 'co': 'HotRockQX957'}",serioushippo677,,,,4441,,,
Postrema,2022-12-10 16:13:02,240375593420,6,"{'btn': 'serioushippo677', 'sb': 'rwilliams348', 'bb': 'Tomate264', 'utg': 'Tapia o_O', 'mp': 'HotRockQX957', 'co': 'judini777777'}",rwilliams348,,,,3213,,,
Postrema,2022-12-10 16:13:46,240375604585,5,"{'btn': 'rwilliams348', 'sb': 'Tomate264', 'bb': 'HotRockQX957', 'utg': 'judini777777', 'mp': 'serioushippo677'}",Tomate264,,,,2362,,,
Postrema,2022-12-10 16:14:32,240375616140,5,"{'btn': 'Tomate264', 'sb': 'HotRockQX957', 'bb': 'judini777777', 'utg': 'serioushippo677', 'mp': 'rwilliams348'}",HotRockQX957,,,,3024,,,
Postrema,2022-12-10 16:15:20,240375628396,5,"{'btn': 'HotRockQX957', 'sb': 'judini777777', 'bb': 'serioushippo677', 'utg': 'rwilliams348', 'mp': 'Tomate264'}",judini777777,,,,5188,,,
Walhalla,2022-12-10 22:16:09,240382740356,6,"{'btn': 'penny-in-fla', 'sb': 'Andrea in571', 'bb': 'serioushippo677', 'utg': 'MarilynGordg', 'mp': 'Mineraljack31', 'co': 'pikquik'}",penny-in-fla,,,,17437,,,
Walhalla,2022-12-10 22:17:49,240382777224,6,"{'btn': 'Andrea in571', 'sb': 'serioushippo677', 'bb': 'MarilynGordg', 'utg': 'Mineraljack31', 'mp': 'pikquik', 'co': 'penny-in-fla'}",penny-in-fla,,,,1937,,,
Walhalla,2022-12-10 22:19:00,240382803413,4,"{'btn': 'serioushippo677', 'sb': 'MarilynGordg', 'bb': 'pikquik', 'utg': 'penny-in-fla'}",pikquik,,,,189,,,
Walhalla,2022-12-10 22:19:30,240382814469,4,"{'btn': 'MarilynGordg', 'sb': 'pikquik', 'bb': 'penny-in-fla', 'utg': 'serioushippo677'}",pikquik,,,,2646,,,
Walhalla,2022-12-10 22:20:15,240382831274,6,"{'btn': 'pikquik', 'sb': 'penny-in-fla', 'bb': 'noyara', 'utg': 'serioushippo677', 'mp': 'MarilynGordg', 'co': 'ELikLit'}",pikquik,,,,850,,,
Walhalla,2022-12-10 22:21:09,240382851756,6,"{'btn': 'penny-in-fla', 'sb': 'noyara', 'bb': 'serioushippo677', 'utg': 'MarilynGordg', 'mp': 'ELikLit', 'co': 'pikquik'}",noyara,,,,2646,,,
Walhalla,2022-12-10 22:22:13,240382875908,6,"{'btn': 'noyara', 'sb': 'serioushippo677', 'bb': 'MarilynGordg', 'utg': 'ELikLit', 'mp': 'pikquik', 'co': 'penny-in-fla'}",penny-in-fla,,,,520,,,
Walhalla,2022-12-10 22:22:48,240382888818,5,"{'btn': 'serioushippo677', 'sb': 'MarilynGordg', 'bb': 'ELikLit', 'utg': 'pikquik', 'mp': 'penny-in-fla'}",serioushippo677,,,,1748,,,
Walhalla,2022-12-10 22:24:02,240382916819,6,"{'btn': 'MarilynGordg', 'sb': 'ELikLit', 'bb': 'pikquik', 'utg': 'penny-in-fla', 'mp': 'voll narr007', 'co': 'serioushippo677'}",serioushippo677,,,,1000,,,
Walhalla,2022-12-10 22:24:39,240382930460,5,"{'btn': 'ELikLit', 'sb': 'pikquik', 'bb': 'penny-in-fla', 'utg': 'voll narr007', 'mp': 'serioushippo677'}",penny-in-fla,,,,1086,,,
Walhalla,2022-12-10 22:25:31,240382949948,6,"{'btn': 'pikquik', 'sb': 'penny-in-fla', 'bb': 'voll narr007', 'utg': 'serioushippo677', 'mp': 'paulo c√©s123', 'co': 'BadFoxNF637'}",voll narr007,,,,2173,,,
Walhalla,2022-12-10 22:26:36,240382973829,5,"{'btn': 'penny-in-fla', 'sb': 'voll narr007', 'bb': 'serioushippo677', 'utg': 'paulo c√©s123', 'mp': 'pikquik'}",voll narr007,,,,1092,,,
Walhalla,2022-12-10 22:27:26,240382992730,6,"{'btn': 'voll narr007', 'sb': 'serioushippo677', 'bb': 'paulo c√©s123', 'utg': 'BadFoxNF637', 'mp': 'pikquik', 'co': 'penny-in-fla'}",serioushippo677,,,,2741,,,
Walhalla,2022-12-10 22:28:39,240383020455,6,"{'btn': 'serioushippo677', 'sb': 'paulo c√©s123', 'bb': 'BadFoxNF637', 'utg': 'pikquik', 'mp': 'penny-in-fla', 'co': 'voll narr007'}",pikquik,,,,16033,,,
Walhalla,2022-12-10 22:29:26,240383038557,4,"{'btn': 'paulo c√©s123', 'sb': 'pikquik', 'bb': 'penny-in-fla', 'utg': 'serioushippo677'}",paulo c√©s123,,,,283,,,
Walhalla,2022-12-10 22:30:21,240383059424,5,"{'btn': 'pikquik', 'sb': 'penny-in-fla', 'bb': 'CamiloRad', 'utg': 'serioushippo677', 'mp': 'paulo c√©s123'}",penny-in-fla,,,,945,,,
Walhalla,2022-12-10 22:31:29,240383085863,5,"{'btn': 'penny-in-fla', 'sb': 'CamiloRad', 'bb': 'serioushippo677', 'utg': 'paulo c√©s123', 'mp': 'pikquik'}",paulo c√©s123,,,,6551,,,
Graffias II,2022-12-11 23:48:40,240407210151,6,"{'btn': 'Camila_CC461', 'sb': 'ocsi888888', 'bb': 'Luiz√£o993', 'utg': 'kalifa_al', 'mp': 'ValentinU764', 'co': 'serioushippo677'}",serioushippo677,,,,331,,,
Graffias II,2022-12-11 23:49:34,240407230162,6,"{'btn': 'ocsi888888', 'sb': 'Luiz√£o993', 'bb': 'zeppelinsuar', 'utg': 'ValentinU764', 'mp': 'serioushippo677', 'co': 'Camila_CC461'}",Camila_CC461,,,,32807,,,
Graffias II,2022-12-11 23:50:24,240407248705,6,"{'btn': 'Luiz√£o993', 'sb': 'zeppelinsuar', 'bb': 'ValentinU764', 'utg': 'serioushippo677', 'mp': 'Camila_CC461', 'co': 'ocsi888888'}",zeppelinsuar,,,,27877,,,
Graffias II,2022-12-11 23:51:08,240407264682,6,"{'btn': 'zeppelinsuar', 'sb': 'ValentinU764', 'bb': 'serioushippo677', 'utg': 'Camila_CC461', 'mp': 'ocsi888888', 'co': 'Luiz√£o993'}",ocsi888888,,,,7526,,,
Graffias II,2022-12-11 23:51:52,240407280477,6,"{'btn': 'ValentinU764', 'sb': 'serioushippo677', 'bb': 'Camila_CC461', 'utg': 'ocsi888888', 'mp': 'Luiz√£o993', 'co': 'zeppelinsuar'}",Luiz√£o993,,,,2589,,,
Graffias II,2022-12-11 23:52:26,240407292909,6,"{'btn': 'serioushippo677', 'sb': 'Camila_CC461', 'bb': 'ocsi888888', 'utg': 'Luiz√£o993', 'mp': 'zeppelinsuar', 'co': 'ValentinU764'}",Luiz√£o993,,,,5129,,,
Graffias II,2022-12-11 23:52:49,240407301101,6,"{'btn': 'Camila_CC461', 'sb': 'ocsi888888', 'bb': 'Luiz√£o993', 'utg': 'FKova', 'mp': 'ValentinU764', 'co': 'serioushippo677'}",ValentinU764,,,,8451,,,
Kraz II,2022-12-11 23:55:15,240407353321,5,"{'btn': 'caro391', 'sb': 'pinask', 'bb': 'microfaradio 2', 'utg': 'gregorio731', 'mp': 'serioushippo677'}",pinask,,,,6723,,,
Kraz II,2022-12-11 23:55:57,240407364323,6,"{'btn': 'pinask', 'sb': 'microfaradio 2', 'bb': 'gregorio731', 'utg': 'serioushippo677', 'mp': 'marire63', 'co': 'caro391'}",caro391,,,,13028,,,
Kraz II,2022-12-11 23:57:02,240407380991,6,"{'btn': 'microfaradio 2', 'sb': 'gregorio731', 'bb': 'serioushippo677', 'utg': 'marire63', 'mp': 'caro391', 'co': 'luybezniy28'}",gregorio731,,,,2632,,,
Kraz II,2022-12-11 23:57:57,240407395310,6,"{'btn': 'gregorio731', 'sb': 'serioushippo677', 'bb': 'marire63', 'utg': 'caro391', 'mp': 'luybezniy28', 'co': 'microfaradio 2'}",luybezniy28,luybezniy28,microfaradio 2,,9996,5154,8505,
Kraz II,2022-12-11 23:58:42,240407407247,4,"{'btn': 'serioushippo677', 'sb': 'caro391', 'bb': 'luybezniy28', 'utg': 'microfaradio 2'}",luybezniy28,,,,2507,,,
Kraz II,2022-12-11 23:59:51,240407425121,4,"{'btn': 'luybezniy28', 'sb': 'microfaradio 2', 'bb': 'serioushippo677', 'utg': 'marire63'}",luybezniy28,,,,5247,,,
Kraz II,2022-12-12 18:00:54,240407442109,5,"{'btn': 'microfaradio 2', 'sb': 'serioushippo677', 'bb': 'marire63', 'utg': 'caro391', 'mp': 'luybezniy28'}",serioushippo677,,,,16938,,,
Kraz II,2022-12-12 18:02:08,240407465836,6,"{'btn': 'serioushippo677', 'sb': 'marire63', 'bb': 'caro391', 'utg': 'luybezniy28', 'mp': 'microfaradio 2', 'co': '1anghel1'}",caro391,,,,4222,,,
Kraz II,2022-12-12 18:02:39,240407476463,6,"{'btn': 'marire63', 'sb': 'caro391', 'bb': 'luybezniy28', 'utg': 'microfaradio 2', 'mp': '1anghel1', 'co': 'serioushippo677'}",marire63,,,,19845,,,
Kraz II,2022-12-12 18:03:56,240407503170,6,"{'btn': 'caro391', 'sb': 'luybezniy28', 'bb': 'microfaradio 2', 'utg': '1anghel1', 'mp': 'serioushippo677', 'co': 'marire63'}",microfaradio 2,microfaradio 2,microfaradio 2,,16243,4632,1518,
Kraz II,2022-12-12 18:05:25,240407534273,3,"{'btn': 'microfaradio 2', 'sb': 'serioushippo677', 'bb': 'marire63'}",marire63,,,,236,,,
Rostia,2022-12-12 18:13:50,240407709083,6,"{'btn': 'JGFM81', 'sb': 'theriver567', 'bb': 'J. Aspitia', 'utg': 'NIKI-Z565', 'mp': 'Roadking1ajb', 'co': 'serioushippo677'}",Roadking1ajb,,,,661,,,
Rostia,2022-12-12 18:15:34,240407744575,6,"{'btn': 'theriver567', 'sb': 'J. Aspitia', 'bb': 'NIKI-Z565', 'utg': 'Roadking1ajb', 'mp': 'serioushippo677', 'co': 'JGFM81'}",Roadking1ajb,,,,661,,,
Rostia,2022-12-12 18:16:42,240407767435,6,"{'btn': 'J. Aspitia', 'sb': 'NIKI-Z565', 'bb': 'Roadking1ajb', 'utg': 'serioushippo677', 'mp': 'JGFM81', 'co': 'theriver567'}",theriver567,,,,1417,,,
Rostia,2022-12-12 18:18:10,240407797539,6,"{'btn': 'NIKI-Z565', 'sb': 'Roadking1ajb', 'bb': 'serioushippo677', 'utg': 'JGFM81', 'mp': 'theriver567', 'co': 'J. Aspitia'}",J. Aspitia,,,,2969,,,
Rostia,2022-12-12 18:19:19,240407820840,6,"{'btn': 'Roadking1ajb', 'sb': 'serioushippo677', 'bb': 'JGFM81', 'utg': 'theriver567', 'mp': 'J. Aspitia', 'co': 'NIKI-Z565'}",theriver567,,,,43294,,,
Rostia,2022-12-12 18:20:38,240407846592,5,"{'btn': 'serioushippo677', 'sb': 'theriver567', 'bb': 'J. Aspitia', 'utg': 'NIKI-Z565', 'mp': 'Roadking1ajb'}",serioushippo677,,,,1181,,,
Rostia,2022-12-12 18:21:13,240407858239,5,"{'btn': 'theriver567', 'sb': 'J. Aspitia', 'bb': 'NIKI-Z565', 'utg': 'Roadking1ajb', 'mp': 'serioushippo677'}",theriver567,,,,5103,,,
Rostia,2022-12-12 18:22:20,240407880281,5,"{'btn': 'J. Aspitia', 'sb': 'NIKI-Z565', 'bb': 'Roadking1ajb', 'utg': 'serioushippo677', 'mp': 'theriver567'}",theriver567,,,,1323,,,
Rostia,2022-12-12 18:23:09,240407896315,4,"{'btn': 'NIKI-Z565', 'sb': 'serioushippo677', 'bb': 'theriver567', 'utg': 'J. Aspitia'}",J. Aspitia,,,,250,,,
Rostia,2022-12-12 18:23:21,240407900381,4,"{'btn': 'serioushippo677', 'sb': 'theriver567', 'bb': 'J. Aspitia', 'utg': 'NIKI-Z565'}",NIKI-Z565,,,,6093,,,
Rostia,2022-12-12 18:24:14,240407917785,5,"{'btn': 'theriver567', 'sb': 'J. Aspitia', 'bb': 'NIKI-Z565', 'utg': 'al_bandicoot', 'mp': 'serioushippo677'}",al_bandicoot,,,,945,,,
Rostia,2022-12-12 18:25:52,240407950180,5,"{'btn': 'J. Aspitia', 'sb': 'NIKI-Z565', 'bb': 'al_bandicoot', 'utg': 'serioushippo677', 'mp': 'theriver567'}",al_bandicoot,,,,283,,,
Rostia,2022-12-12 18:26:34,240407963787,5,"{'btn': 'NIKI-Z565', 'sb': 'al_bandicoot', 'bb': 'serioushippo677', 'utg': 'theriver567', 'mp': 'J. Aspitia'}",al_bandicoot,,,,2835,,,
Rostia,2022-12-12 18:27:36,240407984057,5,"{'btn': 'al_bandicoot', 'sb': 'serioushippo677', 'bb': 'theriver567', 'utg': 'J. Aspitia', 'mp': 'NIKI-Z565'}",NIKI-Z565,,,,2646,,,
Rostia,2022-12-12 18:28:41,240408005126,5,"{'btn': 'serioushippo677', 'sb': 'theriver567', 'bb': 'J. Aspitia', 'utg': 'NIKI-Z565', 'mp': 'al_bandicoot'}",al_bandicoot,,,,1984,,,
Rostia,2022-12-12 18:29:35,240408022424,5,"{'btn': 'theriver567', 'sb': 'J. Aspitia', 'bb': 'NIKI-Z565', 'utg': 'al_bandicoot', 'mp': 'serioushippo677'}",J. Aspitia,,,,2457,,,
Rostia,2022-12-12 18:30:33,240408041393,6,"{'btn': 'J. Aspitia', 'sb': 'NIKI-Z565', 'bb': 'al_bandicoot', 'utg': 'serioushippo677', 'mp': 'MAXIMO1313', 'co': 'theriver567'}",al_bandicoot,,,,400,,,
Aquarius II,2022-12-12 16:25:41,240417806900,5,"{'btn': 'fun5050', 'sb': 'tseembaa', 'bb': 'Bill22gold', 'utg': 'margi211', 'mp': 'serioushippo677'}",margi211,,,,378,,,
Aquarius II,2022-12-12 16:26:32,240417819534,5,"{'btn': 'tseembaa', 'sb': 'Bill22gold', 'bb': 'margi211', 'utg': 'serioushippo677', 'mp': 'fun5050'}",Bill22gold,,,,283,,,
Aquarius II,2022-12-12 16:27:22,240417832245,5,"{'btn': 'Bill22gold', 'sb': 'margi211', 'bb': 'serioushippo677', 'utg': 'fun5050', 'mp': 'HDGaryD'}",Bill22gold,,,,2268,,,
Aquarius II,2022-12-12 16:28:30,240417849131,3,"{'btn': 'serioushippo677', 'sb': 'HDGaryD', 'bb': 'Bill22gold'}",Bill22gold,,,,1323,,,
Aquarius II,2022-12-12 16:29:25,240417862906,4,"{'btn': 'HDGaryD', 'sb': 'Bill22gold', 'bb': 'DraQ87', 'utg': 'serioushippo677'}",HDGaryD,,,,283,,,
Aquarius II,2022-12-12 16:29:50,240417869197,4,"{'btn': 'Bill22gold', 'sb': 'DraQ87', 'bb': 'serioushippo677', 'utg': 'HDGaryD'}",DraQ87,,,,567,,,
Aquarius II,2022-12-12 16:30:37,240417881176,4,"{'btn': 'DraQ87', 'sb': 'serioushippo677', 'bb': 'HDGaryD', 'utg': 'Bill22gold'}",serioushippo677,,,,5146,,,
Aquarius II,2022-12-12 16:32:16,240417906229,5,"{'btn': 'serioushippo677', 'sb': 'HDGaryD', 'bb': 'Bill22gold', 'utg': 'DraQ87', 'mp': 'Roga D46'}",HDGaryD,,,,2206,,,
Aquarius II,2022-12-12 16:33:18,240417922197,6,"{'btn': 'HDGaryD', 'sb': 'Bill22gold', 'bb': 'DraQ87', 'utg': 'Roga D46', 'mp': 'serioushippo677', 'co': 'victorgau'}",Roga D46,,,,2731,,,
Aquarius II,2022-12-12 16:34:52,240417946309,5,"{'btn': 'Bill22gold', 'sb': 'DraQ87', 'bb': 'Roga D46', 'utg': 'serioushippo677', 'mp': 'victorgau'}",victorgau,,,,378,,,
Aquarius II,2022-12-12 16:35:18,240417953062,5,"{'btn': 'DraQ87', 'sb': 'Roga D46', 'bb': 'serioushippo677', 'utg': 'victorgau', 'mp': 'Bill22gold'}",Bill22gold,,,,3944,,,
Aquarius II,2022-12-12 16:36:12,240417967080,6,"{'btn': 'Roga D46', 'sb': 'serioushippo677', 'bb': 'victorgau', 'utg': 'HDGaryD', 'mp': 'Bill22gold', 'co': 'DraQ87'}",Roga D46,,,,945,,,
Aquarius II,2022-12-12 16:37:25,240417985551,6,"{'btn': 'serioushippo677', 'sb': 'victorgau', 'bb': 'HDGaryD', 'utg': 'Bill22gold', 'mp': 'DraQ87', 'co': 'Roga D46'}",Roga D46,,,,1701,,,
Aquarius II,2022-12-12 16:38:58,240418009597,6,"{'btn': 'victorgau', 'sb': 'HDGaryD', 'bb': 'Bill22gold', 'utg': 'DraQ87', 'mp': 'Roga D46', 'co': 'serioushippo677'}",victorgau,,,,3156,,,
Aquarius II,2022-12-12 16:40:32,240418033846,5,"{'btn': 'Bill22gold', 'sb': 'DraQ87', 'bb': 'Roga D46', 'utg': 'serioushippo677', 'mp': 'victorgau'}",DraQ87,,,,4063,,,
Aquarius II,2022-12-12 16:41:05,240418042635,5,"{'btn': 'DraQ87', 'sb': 'Roga D46', 'bb': 'serioushippo677', 'utg': 'victorgau', 'mp': 'Bill22gold'}",victorgau,,,,250,,,
Aquarius II,2022-12-12 16:41:16,240418045227,5,"{'btn': 'Roga D46', 'sb': 'serioushippo677', 'bb': 'victorgau', 'utg': 'Bill22gold', 'mp': 'DraQ87'}",Roga D46,,,,12393,,,
Aquarius II,2022-12-12 16:42:27,240418063534,5,"{'btn': 'serioushippo677', 'sb': 'HDGaryD', 'bb': 'Bill22gold', 'utg': 'DraQ87', 'mp': 'Roga D46'}",DraQ87,,,,2551,,,
Aquarius II,2022-12-12 16:43:52,240418085932,6,"{'btn': 'HDGaryD', 'sb': 'Bill22gold', 'bb': 'DraQ87', 'utg': 'Roga D46', 'mp': 'serioushippo677', 'co': 'victorgau'}",victorgau,,,,11792,,,
Aquarius II,2022-12-12 16:44:39,240418098183,5,"{'btn': 'Bill22gold', 'sb': 'Roga D46', 'bb': 'serioushippo677', 'utg': 'victorgau', 'mp': 'HDGaryD'}",HDGaryD,,,,1795,,,
Simeisa II,2022-12-12 23:53:41,240426917878,5,"{'btn': 'mihran6971', 'sb': 'betocasagrande', 'bb': 'jamivicente', 'utg': 'EL FIERA1972', 'mp': 'serioushippo677'}",serioushippo677,,,,19268,,,
Simeisa II,2022-12-12 23:54:47,240426938179,6,"{'btn': 'betocasagrande', 'sb': 'jamivicente', 'bb': 'EL FIERA1972', 'utg': 'katya.dizain', 'mp': 'serioushippo677', 'co': 'mihran6971'}",jamivicente,,,,3118,,,
Simeisa II,2022-12-12 23:55:59,240426959442,6,"{'btn': 'jamivicente', 'sb': 'EL FIERA1972', 'bb': 'katya.dizain', 'utg': 'serioushippo677', 'mp': 'mihran6971', 'co': 'betocasagrande'}",jamivicente,,,,472,,,
Simeisa II,2022-12-12 23:57:44,240426990075,6,"{'btn': 'EL FIERA1972', 'sb': 'katya.dizain', 'bb': 'serioushippo677', 'utg': 'mihran6971', 'mp': 'betocasagrande', 'co': 'jamivicente'}",mihran6971,,,,472,,,
Simeisa II,2022-12-12 23:58:44,240427007284,6,"{'btn': 'katya.dizain', 'sb': 'serioushippo677', 'bb': 'mihran6971', 'utg': 'betocasagrande', 'mp': 'jamivicente', 'co': 'EL FIERA1972'}",katya.dizain,,,,425,,,
Simeisa II,2022-12-13 18:00:18,240427034042,6,"{'btn': 'serioushippo677', 'sb': 'mihran6971', 'bb': 'betocasagrande', 'utg': 'jamivicente', 'mp': 'EL FIERA1972', 'co': 'katya.dizain'}",betocasagrande,,,,8410,,,
Simeisa II,2022-12-13 18:02:24,240427071162,6,"{'btn': 'mihran6971', 'sb': 'betocasagrande', 'bb': 'jamivicente', 'utg': 'EL FIERA1972', 'mp': 'katya.dizain', 'co': 'serioushippo677'}",EL FIERA1972,,,,250,,,
Simeisa II,2022-12-13 18:02:47,240427078062,6,"{'btn': 'betocasagrande', 'sb': 'jamivicente', 'bb': 'EL FIERA1972', 'utg': 'katya.dizain', 'mp': 'serioushippo677', 'co': 'mihran6971'}",mihran6971,,,,6379,,,
Simeisa II,2022-12-13 18:03:30,240427090798,6,"{'btn': 'jamivicente', 'sb': 'EL FIERA1972', 'bb': 'katya.dizain', 'utg': 'serioushippo677', 'mp': 'mihran6971', 'co': 'betocasagrande'}",EL FIERA1972,,,,1300,,,
Simeisa II,2022-12-13 18:04:22,240427106302,6,"{'btn': 'EL FIERA1972', 'sb': 'katya.dizain', 'bb': 'serioushippo677', 'utg': 'mihran6971', 'mp': 'betocasagrande', 'co': 'jamivicente'}",katya.dizain,,,,18732,,,
Simeisa II,2022-12-13 18:05:28,240427126029,5,"{'btn': 'katya.dizain', 'sb': 'serioushippo677', 'bb': 'mihran6971', 'utg': 'jamivicente', 'mp': 'EL FIERA1972'}",serioushippo677,,,,472,,,
Simeisa II,2022-12-13 18:06:33,240427145008,5,"{'btn': 'serioushippo677', 'sb': 'mihran6971', 'bb': 'jamivicente', 'utg': 'EL FIERA1972', 'mp': 'katya.dizain'}",EL FIERA1972,,,,250,,,
Simeisa II,2022-12-13 18:07:06,240427154994,5,"{'btn': 'mihran6971', 'sb': 'jamivicente', 'bb': 'EL FIERA1972', 'utg': 'katya.dizain', 'mp': 'serioushippo677'}",serioushippo677,,,,5315,,,
Simeisa II,2022-12-13 18:08:30,240427179863,6,"{'btn': 'jamivicente', 'sb': 'EL FIERA1972', 'bb': 'katya.dizain', 'utg': 'serioushippo677', 'mp': 'mihran6971', 'co': 'betocasagrande'}",jamivicente,,,,9516,,,
Simeisa II,2022-12-13 18:10:05,240427207640,6,"{'btn': 'EL FIERA1972', 'sb': 'katya.dizain', 'bb': 'serioushippo677', 'utg': 'mihran6971', 'mp': 'betocasagrande', 'co': 'jamivicente'}",jamivicente,,,,11593,,,
Simeisa II,2022-12-13 18:12:00,240427241002,6,"{'btn': 'serioushippo677', 'sb': 'mihran6971', 'bb': 'betocasagrande', 'utg': 'jamivicente', 'mp': 'EL FIERA1972', 'co': 'mikimaus221'}",mihran6971,,,,472,,,
Simeisa II,2022-12-13 18:13:49,240427272874,6,"{'btn': 'mihran6971', 'sb': 'betocasagrande', 'bb': 'jamivicente', 'utg': 'EL FIERA1972', 'mp': 'mikimaus221', 'co': 'serioushippo677'}",mikimaus221,,,,378,,,
Simeisa II,2022-12-13 18:15:21,240427299550,5,"{'btn': 'betocasagrande', 'sb': 'jamivicente', 'bb': 'mikimaus221', 'utg': 'serioushippo677', 'mp': 'mihran6971'}",betocasagrande,,,,2740,,,
Simeisa II,2022-12-13 18:17:35,240427337881,5,"{'btn': 'jamivicente', 'sb': 'mikimaus221', 'bb': 'serioushippo677', 'utg': 'mihran6971', 'mp': 'betocasagrande'}",mikimaus221,,,,3771,,,
Simeisa II,2022-12-13 18:19:34,240427371381,6,"{'btn': 'mikimaus221', 'sb': 'serioushippo677', 'bb': 'mihran6971', 'utg': 'rolandomauro', 'mp': 'jamivicente', 'co': 'EL FIERA1972'}",mikimaus221,,,,2268,,,
Simeisa II,2022-12-13 18:21:49,240427408928,6,"{'btn': 'serioushippo677', 'sb': 'mihran6971', 'bb': 'rolandomauro', 'utg': 'jamivicente', 'mp': 'EL FIERA1972', 'co': 'mikimaus221'}",mihran6971,,,,17010,,,
Simeisa II,2022-12-13 18:23:00,240427428709,5,"{'btn': 'mihran6971', 'sb': 'rolandomauro', 'bb': 'jamivicente', 'utg': 'mikimaus221', 'mp': 'serioushippo677'}",jamivicente,,,,2741,,,
Zellner,2022-12-12 20:54:18,240422958621,6,"{'btn': 'boboman2', 'sb': 'Tavo624', 'bb': 'FrantisekMayer', 'utg': 'kire0507', 'mp': 'serioushippo677', 'co': 'barros1258'}",barros1258,,,,756,,,
Zellner,2022-12-12 20:56:38,240423005258,5,"{'btn': 'Tavo624', 'sb': 'FrantisekMayer', 'bb': 'serioushippo677', 'utg': 'barros1258', 'mp': 'boboman2'}",boboman2,,,,350,,,
Zellner,2022-12-12 20:57:17,240423017243,5,"{'btn': 'FrantisekMayer', 'sb': 'serioushippo677', 'bb': 'barros1258', 'utg': 'boboman2', 'mp': 'Tavo624'}",serioushippo677,,,,3676,,,
Atropos,2022-12-13 10:23:35,240431722751,5,"{'btn': 'ayogipa8', 'sb': 'ionilie123', 'bb': 'bagrones', 'utg': 'Cambust', 'mp': 'serioushippo677'}",ionilie123,,,,378,,,
Atropos,2022-12-13 10:24:13,240431727646,5,"{'btn': 'ionilie123', 'sb': 'bagrones', 'bb': 'Cambust', 'utg': 'serioushippo677', 'mp': 'ayogipa8'}",serioushippo677,,,,2941,,,
Atropos,2022-12-13 10:24:56,240431733201,5,"{'btn': 'bagrones', 'sb': 'Cambust', 'bb': 'serioushippo677', 'utg': 'ayogipa8', 'mp': 'ionilie123'}",bagrones,,,,2362,,,
Atropos,2022-12-13 10:26:09,240431742352,5,"{'btn': 'Cambust', 'sb': 'serioushippo677', 'bb': 'ayogipa8', 'utg': 'ionilie123', 'mp': 'bagrones'}",bagrones,,,,331,,,
Atropos,2022-12-13 10:26:45,240431747029,5,"{'btn': 'serioushippo677', 'sb': 'ayogipa8', 'bb': 'ionilie123', 'utg': 'bagrones', 'mp': 'stack4meall'}",ayogipa8,,,,11383,,,
Atropos,2022-12-13 10:27:40,240431754023,4,"{'btn': 'ayogipa8', 'sb': 'ionilie123', 'bb': 'bagrones', 'utg': 'serioushippo677'}",ionilie123,,,,189,,,
Atropos,2022-12-13 10:28:07,240431757383,5,"{'btn': 'ionilie123', 'sb': 'bagrones', 'bb': 'TAlexandr2716', 'utg': 'serioushippo677', 'mp': 'ayogipa8'}",TAlexandr2716,,,,3676,,,
Atropos,2022-12-13 10:29:30,240431767957,5,"{'btn': 'bagrones', 'sb': 'TAlexandr2716', 'bb': 'serioushippo677', 'utg': 'ayogipa8', 'mp': 'ionilie123'}",bagrones,,,,2457,,,
Atropos,2022-12-13 10:30:34,240431776192,6,"{'btn': 'TAlexandr2716', 'sb': 'serioushippo677', 'bb': 'ayogipa8', 'utg': 'ionilie123', 'mp': 'bagrones', 'co': 'Goldbuster1'}",Goldbuster1,,,,425,,,
Atropos,2022-12-13 10:31:26,240431782894,6,"{'btn': 'serioushippo677', 'sb': 'ayogipa8', 'bb': 'ionilie123', 'utg': 'bagrones', 'mp': 'Goldbuster1', 'co': 'TAlexandr2716'}",serioushippo677,,,,1134,,,
Atropos,2022-12-13 10:32:21,240431790029,6,"{'btn': 'ayogipa8', 'sb': 'ionilie123', 'bb': 'bagrones', 'utg': 'Goldbuster1', 'mp': 'TAlexandr2716', 'co': 'serioushippo677'}",Goldbuster1,,,,3118,,,
Atropos,2022-12-13 10:33:15,240431796942,6,"{'btn': 'ionilie123', 'sb': 'bagrones', 'bb': 'Goldbuster1', 'utg': 'TAlexandr2716', 'mp': 'serioushippo677', 'co': 'ayogipa8'}",ionilie123,,,,1952,,,
Atropos,2022-12-13 10:34:02,240431803031,6,"{'btn': 'bagrones', 'sb': 'Goldbuster1', 'bb': 'TAlexandr2716', 'utg': 'serioushippo677', 'mp': 'ayogipa8', 'co': 'ionilie123'}",ionilie123,,,,2257,,,
Atropos,2022-12-13 10:35:27,240431814232,6,"{'btn': 'Goldbuster1', 'sb': 'TAlexandr2716', 'bb': 'serioushippo677', 'utg': 'ayogipa8', 'mp': 'ionilie123', 'co': 'bagrones'}",TAlexandr2716,,,,472,,,
Atropos,2022-12-13 10:36:43,240431824232,6,"{'btn': 'TAlexandr2716', 'sb': 'serioushippo677', 'bb': 'ayogipa8', 'utg': 'ionilie123', 'mp': 'bagrones', 'co': 'Goldbuster1'}",bagrones,,,,4867,,,
Atropos,2022-12-13 10:37:55,240431833955,6,"{'btn': 'serioushippo677', 'sb': 'ayogipa8', 'bb': 'ionilie123', 'utg': 'bagrones', 'mp': 'Goldbuster1', 'co': 'TAlexandr2716'}",serioushippo677,,,,19270,,,
Atropos,2022-12-13 10:39:05,240431843271,6,"{'btn': 'ayogipa8', 'sb': 'ionilie123', 'bb': 'bagrones', 'utg': 'Goldbuster1', 'mp': 'TAlexandr2716', 'co': 'serioushippo677'}",ionilie123,,,,14464,,,
Atropos,2022-12-13 10:39:40,240431847934,5,"{'btn': 'ionilie123', 'sb': 'bagrones', 'bb': 'Goldbuster1', 'utg': 'TAlexandr2716', 'mp': 'serioushippo677'}",TAlexandr2716,,,,3253,,,
Atropos,2022-12-13 10:40:25,240431854138,6,"{'btn': 'bagrones', 'sb': 'Goldbuster1', 'bb': 'TAlexandr2716', 'utg': 'serioushippo677', 'mp': 'ayogipa8', 'co': 'ionilie123'}",ionilie123,,,,1836,,,
Atropos,2022-12-13 10:41:34,240431863867,6,"{'btn': 'Goldbuster1', 'sb': 'TAlexandr2716', 'bb': 'serioushippo677', 'utg': 'ayogipa8', 'mp': 'ionilie123', 'co': 'bagrones'}",TAlexandr2716,,,,4630,,,
Atropos,2022-12-13 10:43:03,240431876344,6,"{'btn': 'TAlexandr2716', 'sb': 'serioushippo677', 'bb': 'ayogipa8', 'utg': 'ionilie123', 'mp': 'bagrones', 'co': 'Goldbuster1'}",ayogipa8,,,,450,,,
Atropos,2022-12-13 10:43:36,240431880944,6,"{'btn': 'serioushippo677', 'sb': 'ayogipa8', 'bb': 'ionilie123', 'utg': 'bagrones', 'mp': 'Goldbuster1', 'co': 'TAlexandr2716'}",bagrones,,,,1930,,,
Atropos,2022-12-13 10:44:38,240431889534,6,"{'btn': 'ayogipa8', 'sb': 'ionilie123', 'bb': 'bagrones', 'utg': 'Goldbuster1', 'mp': 'TAlexandr2716', 'co': 'serioushippo677'}",bagrones,,,,16348,,,
Atropos,2022-12-13 10:45:25,240431896104,5,"{'btn': 'ionilie123', 'sb': 'bagrones', 'bb': 'Goldbuster1', 'utg': 'TAlexandr2716', 'mp': 'serioushippo677'}",bagrones,,,,283,,,
Atropos,2022-12-13 10:45:44,240431898893,6,"{'btn': 'bagrones', 'sb': 'Goldbuster1', 'bb': 'TAlexandr2716', 'utg': 'serioushippo677', 'mp': 'ayogipa8', 'co': 'ionilie123'}",ayogipa8,,,,756,,,
Atropos,2022-12-13 10:46:51,240431908170,6,"{'btn': 'Goldbuster1', 'sb': 'TAlexandr2716', 'bb': 'serioushippo677', 'utg': 'ayogipa8', 'mp': 'ionilie123', 'co': 'bagrones'}",ionilie123,,,,1417,,,
Atropos,2022-12-13 10:49:07,240431927714,6,"{'btn': 'TAlexandr2716', 'sb': 'serioushippo677', 'bb': 'ayogipa8', 'utg': 'ionilie123', 'mp': 'bagrones', 'co': 'Goldbuster1'}",bagrones,,,,520,,,
Atropos,2022-12-13 10:50:22,240431938522,5,"{'btn': 'serioushippo677', 'sb': 'ionilie123', 'bb': 'bagrones', 'utg': 'Goldbuster1', 'mp': 'TAlexandr2716'}",ionilie123,,,,2079,,,
Atropos,2022-12-13 10:51:13,240431945766,6,"{'btn': 'ionilie123', 'sb': 'bagrones', 'bb': 'Goldbuster1', 'utg': 'TAlexandr2716', 'mp': 'serioushippo677', 'co': 'scraps2211'}",bagrones,,,,661,,,
Atropos,2022-12-13 10:52:00,240431952488,6,"{'btn': 'bagrones', 'sb': 'Goldbuster1', 'bb': 'TAlexandr2716', 'utg': 'serioushippo677', 'mp': 'scraps2211', 'co': 'ionilie123'}",bagrones,,,,2693,,,
Atropos,2022-12-13 10:52:39,240431957983,6,"{'btn': 'Goldbuster1', 'sb': 'TAlexandr2716', 'bb': 'serioushippo677', 'utg': 'scraps2211', 'mp': 'ionilie123', 'co': 'bagrones'}",scraps2211,,,,2504,,,
Atropos,2022-12-13 10:53:33,240431965753,6,"{'btn': 'TAlexandr2716', 'sb': 'serioushippo677', 'bb': 'scraps2211', 'utg': 'ionilie123', 'mp': 'bagrones', 'co': 'Goldbuster1'}",scraps2211,,,,2516,,,
Atropos,2022-12-13 10:54:43,240431975789,6,"{'btn': 'serioushippo677', 'sb': 'scraps2211', 'bb': 'ionilie123', 'utg': 'bagrones', 'mp': 'Goldbuster1', 'co': 'TAlexandr2716'}",scraps2211,,,,5742,,,
Atropos,2022-12-13 10:55:59,240431985352,6,"{'btn': 'scraps2211', 'sb': 'ionilie123', 'bb': 'bagrones', 'utg': 'Goldbuster1', 'mp': 'TAlexandr2716', 'co': 'serioushippo677'}",TAlexandr2716,,,,1530,,,
Atropos,2022-12-13 10:57:10,240431993957,6,"{'btn': 'ionilie123', 'sb': 'bagrones', 'bb': 'Goldbuster1', 'utg': 'TAlexandr2716', 'mp': 'serioushippo677', 'co': 'scraps2211'}",scraps2211,,,,378,,,
Atropos,2022-12-13 10:57:48,240431998605,6,"{'btn': 'bagrones', 'sb': 'Goldbuster1', 'bb': 'TAlexandr2716', 'utg': 'serioushippo677', 'mp': 'scraps2211', 'co': 'ionilie123'}",bagrones,,,,250,,,
Atropos,2022-12-13 10:58:09,240432001236,5,"{'btn': 'Goldbuster1', 'sb': 'TAlexandr2716', 'bb': 'serioushippo677', 'utg': 'ionilie123', 'mp': 'bagrones'}",TAlexandr2716,,,,914,,,
Atropos,2022-12-13 10:58:54,240432006650,6,"{'btn': 'TAlexandr2716', 'sb': 'serioushippo677', 'bb': 'anniev54', 'utg': 'ionilie123', 'mp': 'bagrones', 'co': 'Goldbuster1'}",TAlexandr2716,,,,378,,,
Atropos,2022-12-13 11:00:03,240432015056,6,"{'btn': 'serioushippo677', 'sb': 'anniev54', 'bb': 'ionilie123', 'utg': 'bagrones', 'mp': 'Goldbuster1', 'co': 'TAlexandr2716'}",anniev54,,,,945,,,
Atropos,2022-12-13 11:00:51,240432021161,5,"{'btn': 'anniev54', 'sb': 'ionilie123', 'bb': 'bagrones', 'utg': 'TAlexandr2716', 'mp': 'serioushippo677'}",ionilie123,,,,1039,,,
Atropos,2022-12-13 11:01:43,240432028456,6,"{'btn': 'ionilie123', 'sb': 'bagrones', 'bb': 'Nova123221', 'utg': 'TAlexandr2716', 'mp': 'serioushippo677', 'co': 'anniev54'}",TAlexandr2716,,,,2457,,,
Atropos,2022-12-13 11:02:55,240432038889,6,"{'btn': 'bagrones', 'sb': 'Nova123221', 'bb': 'TAlexandr2716', 'utg': 'serioushippo677', 'mp': 'anniev54', 'co': 'ionilie123'}",anniev54,,,,2740,,,
Irus,2022-12-14 14:55:41,240454768670,3,"{'btn': 'Straszyciel', 'sb': 'LivePokerBU4', 'bb': 'serioushippo677'}",Straszyciel,,,,283,,,
Irus,2022-12-14 14:56:03,240454772671,3,"{'btn': 'LivePokerBU4', 'sb': 'serioushippo677', 'bb': 'Straszyciel'}",Straszyciel,,,,2551,,,
Irus,2022-12-14 14:57:17,240454786707,2,"{'btn': 'Straszyciel', 'bb': 'serioushippo677'}",Straszyciel,,,,189,,,
Irus,2022-12-14 14:57:37,240454790396,2,"{'btn': 'serioushippo677', 'bb': 'Straszyciel'}",Straszyciel,,,,100,,,
Irus,2022-12-14 14:57:42,240454791448,2,"{'btn': 'Straszyciel', 'bb': 'serioushippo677'}",Straszyciel,,,,189,,,
Irus,2022-12-14 14:57:59,240454794530,3,"{'btn': 'serioushippo677', 'sb': 'Straszyciel', 'bb': 'Everclear906'}",serioushippo677,,,,250,,,
Irus,2022-12-14 14:58:11,240454796801,3,"{'btn': 'Straszyciel', 'sb': 'Everclear906', 'bb': 'serioushippo677'}",Everclear906,,,,2364,,,
Irus,2022-12-14 14:58:36,240454801628,3,"{'btn': 'Everclear906', 'sb': 'serioushippo677', 'bb': 'Straszyciel'}",Everclear906,,,,250,,,
Irus,2022-12-14 14:58:42,240454802718,3,"{'btn': 'serioushippo677', 'sb': 'Straszyciel', 'bb': 'Everclear906'}",Everclear906,,,,189,,,
Irus,2022-12-14 14:59:02,240454806534,3,"{'btn': 'Straszyciel', 'sb': 'Everclear906', 'bb': 'serioushippo677'}",serioushippo677,,,,189,,,
Irus,2022-12-14 14:59:18,240454809601,2,"{'btn': 'serioushippo677', 'bb': 'Everclear906'}",serioushippo677,,,,1092,,,
Irus,2022-12-14 14:59:48,240454815222,2,"{'btn': 'Everclear906', 'bb': 'serioushippo677'}",serioushippo677,,,,100,,,
Irus,2022-12-14 14:59:56,240454816828,2,"{'btn': 'serioushippo677', 'bb': 'Everclear906'}",serioushippo677,,,,200,,,
Irus,2022-12-14 15:00:08,240454818999,2,"{'btn': 'Everclear906', 'bb': 'serioushippo677'}",Everclear906,,,,200,,,
Irus,2022-12-14 15:00:15,240454820313,2,"{'btn': 'serioushippo677', 'bb': 'Everclear906'}",Everclear906,,,,100,,,
Irus,2022-12-14 15:00:20,240454821504,2,"{'btn': 'Everclear906', 'bb': 'serioushippo677'}",serioushippo677,,,,1092,,,
Irus,2022-12-14 15:00:46,240454826585,2,"{'btn': 'serioushippo677', 'bb': 'Everclear906'}",serioushippo677,,,,200,,,
Irus,2022-12-14 15:00:54,240454828200,2,"{'btn': 'Everclear906', 'bb': 'serioushippo677'}",serioushippo677,,,,1102,,,
Irus,2022-12-14 15:01:20,240454833902,2,"{'btn': 'serioushippo677', 'bb': 'Everclear906'}",serioushippo677,,,,378,,,
Irus,2022-12-14 15:01:41,240454838632,3,"{'btn': 'Everclear906', 'sb': 'serioushippo677', 'bb': 'Pino937'}",Pino937,,,,100,,,
Irus,2022-12-14 15:01:48,240454840204,5,"{'btn': 'serioushippo677', 'sb': 'Pino937', 'bb': 'Everclear906', 'utg': 'SlickBet7470', 'mp': 'papa372'}",serioushippo677,,,,17696,,,
Irus,2022-12-14 15:02:29,240454849307,6,"{'btn': 'Pino937', 'sb': 'Everclear906', 'bb': 'SlickBet7470', 'utg': 'papa372', 'mp': 'serioushippo677', 'co': 'KATITO430'}",KATITO430,,,,5577,,,
Irus,2022-12-14 15:03:30,240454863555,6,"{'btn': 'Everclear906', 'sb': 'SlickBet7470', 'bb': 'papa372', 'utg': 'serioushippo677', 'mp': 'KATITO430', 'co': 'Pino937'}",Everclear906,,,,1328,,,
Irus,2022-12-14 15:04:18,240454874397,6,"{'btn': 'SlickBet7470', 'sb': 'papa372', 'bb': 'serioushippo677', 'utg': 'KATITO430', 'mp': 'Pino937', 'co': 'Everclear906'}",KATITO430,,,,12945,,,
Irus,2022-12-14 15:04:48,240454881272,5,"{'btn': 'papa372', 'sb': 'serioushippo677', 'bb': 'KATITO430', 'utg': 'Everclear906', 'mp': 'domiPOKER16'}",domiPOKER16,,,,350,,,
Irus,2022-12-14 15:05:01,240454884333,6,"{'btn': 'serioushippo677', 'sb': 'KATITO430', 'bb': 'Pino937', 'utg': 'Everclear906', 'mp': 'domiPOKER16', 'co': 'papa372'}",KATITO430,,,,3118,,,
Polydoros,2022-12-16 16:01:44,240495383117,6,"{'btn': 'FastJoker8R3', 'sb': 'HighAceRQ726', 'bb': 'Hydraty', 'utg': 'serioushippo677', 'mp': 'madobabette', 'co': 'BlokkerII'}",HighAceRQ726,,,,3449,,,
Polydoros,2022-12-16 16:02:19,240495391268,6,"{'btn': 'HighAceRQ726', 'sb': 'Hydraty', 'bb': 'serioushippo677', 'utg': 'madobabette', 'mp': 'BlokkerII', 'co': 'FastJoker8R3'}",BlokkerII,,,,5292,,,
Polydoros,2022-12-16 16:03:31,240495408380,6,"{'btn': 'Hydraty', 'sb': 'serioushippo677', 'bb': 'madobabette', 'utg': 'BlokkerII', 'mp': 'FastJoker8R3', 'co': 'HighAceRQ726'}",HighAceRQ726,,,,3024,,,
Polydoros,2022-12-16 16:04:51,240495427315,6,"{'btn': 'serioushippo677', 'sb': 'madobabette', 'bb': 'BlokkerII', 'utg': 'FastJoker8R3', 'mp': 'HighAceRQ726', 'co': 'Hydraty'}",FastJoker8R3,,,,7371,,,
Polydoros,2022-12-16 16:06:29,240495450985,6,"{'btn': 'madobabette', 'sb': 'BlokkerII', 'bb': 'FastJoker8R3', 'utg': 'HighAceRQ726', 'mp': 'Hydraty', 'co': 'serioushippo677'}",BlokkerII,,,,2268,,,
Polydoros,2022-12-16 16:07:25,240495464723,6,"{'btn': 'BlokkerII', 'sb': 'FastJoker8R3', 'bb': 'HighAceRQ726', 'utg': 'Hydraty', 'mp': 'serioushippo677', 'co': 'madobabette'}",HighAceRQ726,,,,3496,,,
Polydoros,2022-12-16 16:08:06,240495474748,6,"{'btn': 'FastJoker8R3', 'sb': 'HighAceRQ726', 'bb': 'Hydraty', 'utg': 'serioushippo677', 'mp': 'madobabette', 'co': 'BlokkerII'}",serioushippo677,,,,26554,,,
Polydoros,2022-12-16 16:08:49,240495485148,5,"{'btn': 'HighAceRQ726', 'sb': 'Hydraty', 'bb': 'serioushippo677', 'utg': 'madobabette', 'mp': 'FastJoker8R3'}",Hydraty,,,,5186,,,
Polydoros,2022-12-16 16:10:00,240495502448,6,"{'btn': 'Hydraty', 'sb': 'serioushippo677', 'bb': 'madobabette', 'utg': 'BlokkerII', 'mp': 'FastJoker8R3', 'co': 'HighAceRQ726'}",Hydraty,,,,1606,,,
Polydoros,2022-12-16 16:10:45,240495513531,6,"{'btn': 'serioushippo677', 'sb': 'madobabette', 'bb': 'BlokkerII', 'utg': 'FastJoker8R3', 'mp': 'HighAceRQ726', 'co': 'Hydraty'}",Hydraty,,,,3780,,,
Polydoros,2022-12-16 16:12:07,240495533502,6,"{'btn': 'madobabette', 'sb': 'BlokkerII', 'bb': 'GvMeTheMon1', 'utg': 'HighAceRQ726', 'mp': 'Hydraty', 'co': 'serioushippo677'}",HighAceRQ726,,,,29578,,,
Polydoros,2022-12-16 16:13:14,240495550221,4,"{'btn': 'GvMeTheMon1', 'sb': 'HighAceRQ726', 'bb': 'serioushippo677', 'utg': 'madobabette'}",madobabette,,,,378,,,
Polydoros,2022-12-16 16:13:52,240495559549,5,"{'btn': 'HighAceRQ726', 'sb': 'serioushippo677', 'bb': 'madobabette', 'utg': 'BlokkerII', 'mp': 'GvMeTheMon1'}",serioushippo677,,,,1323,,,
Polydoros,2022-12-16 16:15:00,240495576274,6,"{'btn': 'serioushippo677', 'sb': 'madobabette', 'bb': 'BlokkerII', 'utg': 'GvMeTheMon1', 'mp': 'HighAceRQ726', 'co': 'Hydraty'}",serioushippo677,,,,25704,,,
Polydoros,2022-12-16 16:16:03,240495592116,5,"{'btn': 'madobabette', 'sb': 'BlokkerII', 'bb': 'HighAceRQ726', 'utg': 'Hydraty', 'mp': 'serioushippo677'}",BlokkerII,,,,16348,,,
